{
    "(16.5,13.84)": [
        140.1073879970825,
        36.10223448323396
    ],
    "(0,13.84)": [
        140.1074130499264,
        36.10208871384113
    ],
    "(0,0)": [
        140.1072604458631,
        36.10207124983859
    ],
    "(0,24.84)": [
        140.1075338041688,
        36.10210215956167
    ],
    "(5.5,24.84)": [
        140.1075262249549,
        36.10215010972293
    ],
    "(0,30.34)": [
        140.1075927982933,
        36.10210815978751
    ],
    "(0,37.66)": [
        140.1076747470012,
        36.10211765217871
    ],
    "(0,43.16)": [
        140.1077334225721,
        36.10212444767819
    ],
    "(0,54.16)": [
        140.1078546383747,
        36.10213845387482
    ],
    "(0,68)": [
        140.1080071804951,
        36.10215530810834
    ],
    "(5.5,43.16)": [
        140.1077258071914,
        36.10217224756197
    ],
    "(16.5,54.16)": [
        140.1078300377161,
        36.1022838914128
    ],
    "(5.5,0)": [
        140.1072526215011,
        36.10212001526365
    ],
    "(11,0)": [
        140.107243463011,
        36.10216977429983
    ],
    "(16.5,0)": [
        140.1072357862906,
        36.10221734773955
    ],
    "(22,0)": [
        140.1072269685658,
        36.10226968912796
    ],
    "(27.5,0)": [
        140.1072188543266,
        36.10231571353039
    ],
    "(33,0)": [
        140.107210499324,
        36.10236540549985
    ],
    "(38.5,0)": [
        140.1072018836209,
        36.10241529384961
    ],
    "(44,0)": [
        140.107193914156,
        36.10246317785036
    ],
    "(49.5,0)": [
        140.1071862041544,
        36.10250801942357
    ],
    "(52.5,0)": [
        140.1071819136261,
        36.10253966777066
    ],
    "(52.5,24.85)": [
        140.1074547179104,
        36.10256988410381
    ],
    "(52.5,34)": [
        140.107554595511,
        36.10258126911635
    ],
    "(52.5,43.15)": [
        140.1076540852418,
        36.10259235077167
    ],
    "(52.5,68)": [
        140.1079279551784,
        36.10262328765122
    ],
    "(55.5,68)": [
        140.1079243344658,
        36.10264927377289
    ],
    "(61,68)": [
        140.1079162335756,
        36.1026975356238
    ],
    "(66.5,68)": [
        140.1079076491674,
        36.10274708382871
    ],
    "(5.5,68)": [
        140.1079993826841,
        36.10220362030098
    ],
    "(11,68)": [
        140.1079918471075,
        36.10225191400656
    ],
    "(16.5,68)": [
        140.1079832021557,
        36.10229819510495
    ],
    "(22,68)": [
        140.107974342444,
        36.1023508894399
    ],
    "(27.5,68)": [
        140.1079668418334,
        36.10239876411181
    ],
    "(33,68)": [
        140.1079583495465,
        36.1024485338223
    ],
    "(38.5,68)": [
        140.1079504655321,
        36.10249667364697
    ],
    "(44,68)": [
        140.107940948412,
        36.10255053257217
    ],
    "(49.5,68)": [
        140.1079338012355,
        36.10259521002642
    ],
    "(72,68)": [
        140.1078990206743,
        36.10279707278998
    ],
    "(77.5,68)": [
        140.1078898930325,
        36.10284634142083
    ],
    "(83,68)": [
        140.1078826688421,
        36.10289340393719
    ],
    "(88.5,68)": [
        140.1078746427914,
        36.10294386350691
    ],
    "(94,68)": [
        140.1078659801296,
        36.10299289143995
    ],
    "(99.5,68)": [
        140.107858192112,
        36.10304239786505
    ],
    "(105,68)": [
        140.1078489238033,
        36.10309105447912
    ],
    "(105,54.16)": [
        140.1076963649079,
        36.10307344537529
    ],
    "(88.5,54.16)": [
        140.1077211108192,
        36.10292832718687
    ],
    "(105,43.16)": [
        140.1075753964847,
        36.10306065010971
    ],
    "(99.5,43.16)": [
        140.1075833702478,
        36.1030126697137
    ],
    "(105,37.66)": [
        140.1075158860669,
        36.10305414660059
    ],
    "(105,30.34)": [
        140.1074340729785,
        36.10304552957854
    ],
    "(105,24.84)": [
        140.1073755103727,
        36.10303767909592
    ],
    "(99.5,24.84)": [
        140.1073836074386,
        36.10299076892372
    ],
    "(105,13.84)": [
        140.1072541563475,
        36.10302459651866
    ],
    "(88.5,13.84)": [
        140.1072789482691,
        36.10287891673003
    ],
    "(105,0)": [
        140.1071025050405,
        36.10300776887109
    ],
    "(99.5,0)": [
        140.1071104223111,
        36.10295959946641
    ],
    "(94,0)": [
        140.1071186392042,
        36.1029113407001
    ],
    "(88.5,0)": [
        140.1071272914701,
        36.10286134698865
    ],
    "(83,0)": [
        140.1071354751041,
        36.10281197357222
    ],
    "(77.5,0)": [
        140.107143956346,
        36.10276277965563
    ],
    "(72,0)": [
        140.1071517982992,
        36.10271425109157
    ],
    "(66.5,0)": [
        140.1071601574573,
        36.10266461782686
    ],
    "(61,0)": [
        140.1071681641333,
        36.1026160279485
    ],
    "(55.5,0)": [
        140.1071770993384,
        36.10256549235127
    ]
}